{
    "predict_bleu-4": 7.614993812025687,
    "predict_model_preparation_time": 0.0073,
    "predict_rouge-1": 17.48882863397548,
    "predict_rouge-2": 8.014882983070637,
    "predict_rouge-l": 13.023221891418563,
    "predict_runtime": 2339.5846,
    "predict_samples_per_second": 1.464,
    "predict_steps_per_second": 0.092
}