{
    "predict_bleu-4": 11.727626599999999,
    "predict_model_preparation_time": 0.0076,
    "predict_rouge-1": 76.13333333333334,
    "predict_rouge-2": 0.0,
    "predict_rouge-l": 76.13333333333334,
    "predict_runtime": 64.4219,
    "predict_samples_per_second": 46.568,
    "predict_steps_per_second": 2.918
}