{
    "epoch": 1.0,
    "total_flos": 1.7171565618688328e+18,
    "train_loss": 0.4106929454873707,
    "train_runtime": 20633.5556,
    "train_samples_per_second": 13.054,
    "train_steps_per_second": 0.408
}