{
    "epoch": 2.0,
    "total_flos": 1.6199580064609075e+17,
    "train_loss": 1.1326003828189042,
    "train_runtime": 7202.9431,
    "train_samples_per_second": 6.942,
    "train_steps_per_second": 0.434
}