{
    "predict_bleu-4": 1.123319875,
    "predict_model_preparation_time": 0.0072,
    "predict_rouge-1": 6.9232424464285724,
    "predict_rouge-2": 0.0,
    "predict_rouge-l": 6.285576580357143,
    "predict_runtime": 1392.3245,
    "predict_samples_per_second": 8.044,
    "predict_steps_per_second": 0.503
}