{
    "epoch": 3.5015166835187057,
    "eval_loss": 2.3665337562561035,
    "eval_perplexity": 10.660376704602061,
    "eval_runtime": 63.2089,
    "eval_samples_per_second": 3.132,
    "eval_steps_per_second": 3.132,
    "total_flos": 1.3726761124286116e+18,
    "train_loss": 2.1726942787521994,
    "train_runtime": 14742.3806,
    "train_samples_per_second": 0.939,
    "train_steps_per_second": 0.059
}