{
    "epoch": 3.0,
    "total_flos": 7.70487011695657e+17,
    "train_loss": 0.024190291116997564,
    "train_runtime": 8482.8401,
    "train_samples_per_second": 9.69,
    "train_steps_per_second": 1.211
}